metric,-1,0,1,accuracy,macro avg,weighted avg
f1-score,0.0508649092277473,0.5229042237969697,0.08189550062052432,0.505464480874317,0.21855487788174713,0.42741064289763864
precision,0.31645658263305315,0.5346407832883049,0.07217321731255237,0.505464480874317,0.3077568610779702,0.4587038027148707
recall,0.125,0.5802768166089967,0.2955555555555555,0.505464480874317,0.3336107907215174,0.505464480874317
support,32.0,289.0,45.0,0.505464480874317,366.0,366.0
