metric,0,1,accuracy,macro avg,weighted avg
f1-score,0.36528670757105763,0.2199955007015178,0.44262295081967207,0.2926411041362877,0.3347199782569741
precision,0.4944952811327492,0.18056423351126746,0.44262295081967207,0.3375297573220083,0.4284496782178473
recall,0.40207612456747405,0.5948051948051949,0.44262295081967207,0.49844065968633433,0.44262295081967207
support,289.0,77.0,0.44262295081967207,366.0,366.0
