metric,0,1,accuracy,macro avg,weighted avg
f1-score,0.5925441034536486,0.24929636065506586,0.5286885245901639,0.42092023205435725,0.5259577926921749
precision,0.8044932383414236,0.21021105168873316,0.5286885245901639,0.5073521450150785,0.6892089890180876
recall,0.5437288135593221,0.4661971830985915,0.5286885245901639,0.5049629983289569,0.5286885245901639
support,295.0,71.0,0.5286885245901639,366.0,366.0
