metric,-1,0,1,accuracy,macro avg,weighted avg
f1-score,0.04731694465525836,0.5288409038012051,0.07492703568939216,0.5139344262295082,0.21702829471528515,0.4351045961313645
precision,0.05788646950492904,0.5479522461324888,0.055359851361274026,0.5139344262295082,0.2203995223328973,0.44853654902501655
recall,0.12692307692307686,0.5845890410958904,0.29375,0.5139344262295082,0.33508737267298916,0.5139344262295082
support,26.0,292.0,48.0,0.5139344262295082,366.0,366.0
