metric,-1,0,1,accuracy,macro avg,weighted avg
f1-score,0.10397716077468215,0.5563506346071528,0.15311261834110182,0.4551912568306011,0.27114680457431223,0.47450211955474036
precision,0.08980440783001022,0.821345689926915,0.15268477667088665,0.4551912568306011,0.35461162480927066,0.6869940647906263
recall,0.17407407407407402,0.49525423728813556,0.359090909090909,0.4551912568306011,0.3428064068177062,0.4551912568306011
support,27.0,295.0,44.0,0.4551912568306011,366.0,366.0
