metric,0,1,accuracy,macro avg,weighted avg
f1-score,0.45561479487283735,0.20667379563629037,0.5016393442622951,0.33114429525456385,0.40528246169386345
precision,0.6012319561224243,0.25144986769630234,0.5016393442622951,0.4263409119093633,0.5305109874242466
recall,0.49863013698630143,0.5135135135135135,0.5016393442622951,0.5060718252499073,0.5016393442622951
support,292.0,74.0,0.5016393442622951,366.0,366.0
