metric,0,1,accuracy,macro avg,weighted avg
precision,0.6694915254237288,0.47692307692307695,0.6010928961748634,0.5732073011734029,0.5958314631557199
recall,0.6991150442477876,0.44285714285714284,0.6010928961748634,0.5709860935524652,0.6010928961748634
f1-score,0.6839826839826839,0.45925925925925926,0.6010928961748634,0.5716209716209716,0.598022904033833
support,226.0,140.0,0.6010928961748634,366.0,366.0
