metric,0,1,accuracy,macro avg,weighted avg
precision,0.6598360655737705,0.4672131147540984,0.5956284153005464,0.5635245901639344,0.5861551554241692
recall,0.7123893805309734,0.40714285714285714,0.5956284153005464,0.5597661188369153,0.5956284153005464
f1-score,0.6851063829787234,0.4351145038167939,0.5956284153005464,0.5601104433977586,0.5894810740096793
support,226.0,140.0,0.5956284153005464,366.0,366.0
