metric,0,1,accuracy,macro avg,weighted avg
precision,0.6767676767676768,0.4523809523809524,0.5737704918032787,0.5645743145743146,0.5909366892973451
recall,0.5929203539823009,0.5428571428571428,0.5737704918032787,0.5678887484197219,0.5737704918032787
f1-score,0.6320754716981133,0.49350649350649345,0.5737704918032787,0.5627909826023034,0.5790709445209908
support,226.0,140.0,0.5737704918032787,366.0,366.0
