metric,-1,0,1,accuracy,macro avg,weighted avg
precision,0.19047619047619047,0.6572769953051644,0.2962962962962963,0.46994535519125685,0.381349827359217,0.501849388172793
recall,0.4,0.6194690265486725,0.1,0.46994535519125685,0.3731563421828909,0.46994535519125685
f1-score,0.25806451612903225,0.6378132118451024,0.14953271028037385,0.46994535519125685,0.34847014608483623,0.46883134881739075
support,60.0,226.0,80.0,0.46994535519125685,366.0,366.0
