metric,0,1,accuracy,macro avg,weighted avg
precision,0.6724890829694323,0.4744525547445255,0.5983606557377049,0.5734708188569789,0.5967374055063532
recall,0.6814159292035398,0.4642857142857143,0.5983606557377049,0.5728508217446271,0.5983606557377049
f1-score,0.6769230769230768,0.4693140794223827,0.5983606557377049,0.5731185781727297,0.5975097991905709
support,226.0,140.0,0.5983606557377049,366.0,366.0
