metric,-1,0,1,accuracy,macro avg,weighted avg
precision,0.14545454545454545,0.6410256410256411,0.15555555555555556,0.35792349726775957,0.31401191401191403,0.45367079793309306
recall,0.4,0.4424778761061947,0.0875,0.35792349726775957,0.30999262536873157,0.35792349726775957
f1-score,0.21333333333333335,0.5235602094240838,0.11199999999999999,0.35792349726775957,0.2829645142524724,0.3827448287700627
support,60.0,226.0,80.0,0.35792349726775957,366.0,366.0
