metric,-1,0,1,accuracy,macro avg,weighted avg
precision,0.14883720930232558,0.5954198473282443,0.25,0.31420765027322406,0.3314190188768566,0.4467079728260184
recall,0.5333333333333333,0.34513274336283184,0.0625,0.31420765027322406,0.3136553588987217,0.31420765027322406
f1-score,0.23272727272727275,0.43697478991596633,0.1,0.31420765027322406,0.256567354214413,0.3298358985919256
support,60.0,226.0,80.0,0.31420765027322406,366.0,366.0
