metric,-1,0,1,accuracy,macro avg,weighted avg
precision,0.2080536912751678,0.6728110599078341,0.0,0.48360655737704916,0.2936215837276673,0.4495588005892912
recall,0.5166666666666667,0.6460176991150443,0.0,0.48360655737704916,0.38756145526057034,0.48360655737704916
f1-score,0.2966507177033493,0.6591422121896162,0.0,0.48360655737704916,0.31859764329765516,0.4556425765493285
support,60.0,226.0,80.0,0.48360655737704916,366.0,366.0
