metric,0,1,accuracy,macro avg,weighted avg
precision,0.6741071428571429,0.47183098591549294,0.5956284153005464,0.5729690643863179,0.5967337494914844
recall,0.668141592920354,0.4785714285714286,0.5956284153005464,0.5733565107458913,0.5956284153005464
f1-score,0.6711111111111112,0.47517730496453897,0.5956284153005464,0.5731442080378251,0.5961637535687065
support,226.0,140.0,0.5956284153005464,366.0,366.0
