metric,0,1,accuracy,macro avg,weighted avg
precision,0.603112840466926,0.3486238532110092,0.5273224043715847,0.4758683468389676,0.5057673262160289
recall,0.6858407079646017,0.2714285714285714,0.5273224043715847,0.4786346396965866,0.5273224043715847
f1-score,0.6418219461697722,0.3052208835341365,0.5273224043715847,0.4735214148519543,0.5130674413364689
support,226.0,140.0,0.5273224043715847,366.0,366.0
