metric,0,1,accuracy,macro avg,weighted avg
precision,0.6267942583732058,0.39490445859872614,0.5273224043715847,0.5108493584859659,0.5380932420660278
recall,0.5796460176991151,0.44285714285714284,0.5273224043715847,0.511251580278129,0.5273224043715847
f1-score,0.6022988505747127,0.41750841750841755,0.5273224043715847,0.5099036340415651,0.5316139854673867
support,226.0,140.0,0.5273224043715847,366.0,366.0
