metric,-1,0,1,accuracy,macro avg,weighted avg
precision,0.2037037037037037,0.6527196652719666,0.3684210526315789,0.505464480874317,0.40828147386908303,0.516968717989653
recall,0.36666666666666664,0.6902654867256637,0.0875,0.505464480874317,0.3814773844641101,0.505464480874317
f1-score,0.2619047619047619,0.6709677419354839,0.1414141414141414,0.505464480874317,0.35809554841812913,0.4881588161334328
support,60.0,226.0,80.0,0.505464480874317,366.0,366.0
