metric,-1,0,1,accuracy,macro avg,weighted avg
precision,0.20161290322580644,0.6757990867579908,0.34782608695652173,0.49453551912568305,0.4084126923134397,0.5263755594463827
recall,0.4166666666666667,0.6548672566371682,0.1,0.49453551912568305,0.39051130776794496,0.49453551912568305
f1-score,0.2717391304347826,0.6651685393258427,0.15533980582524273,0.49453551912568305,0.364082491861956,0.48923394038182194
support,60.0,226.0,80.0,0.49453551912568305,366.0,366.0
