metric,0,1,accuracy,macro avg,weighted avg
precision,0.6394849785407726,0.42105263157894735,0.5601092896174863,0.53026880505986,0.5559316217794187
recall,0.6592920353982301,0.4,0.5601092896174863,0.5296460176991151,0.5601092896174863
f1-score,0.6492374727668846,0.41025641025641024,0.5601092896174863,0.5297469415116474,0.5578239515880146
support,226.0,140.0,0.5601092896174863,366.0,366.0
