metric,-1,0,1,accuracy,macro avg,weighted avg
precision,0.1796875,0.6587677725118484,0.25925925925925924,0.46174863387978143,0.36590484392370254,0.49290575772791934
recall,0.38333333333333336,0.6150442477876106,0.0875,0.46174863387978143,0.36195919370698126,0.46174863387978143
f1-score,0.2446808510638298,0.6361556064073226,0.13084112149532712,0.46174863387978143,0.3372258596554932,0.4615281634740734
support,60.0,226.0,80.0,0.46174863387978143,366.0,366.0
