metric,-1,0,1,accuracy,macro avg,weighted avg
precision,0.20253164556962025,0.5855513307984791,0.20833333333333334,0.4781420765027322,0.3321387699004776,0.4330312388742877
recall,0.25,0.7031963470319634,0.060240963855421686,0.4781420765027322,0.3378124369624617,0.4781420765027322
f1-score,0.22377622377622378,0.6390041493775934,0.09345794392523364,0.4781420765027322,0.3187461056930169,0.44267922508515206
support,64.0,219.0,83.0,0.4781420765027322,366.0,366.0
