metric,0,1,accuracy,macro avg,weighted avg
precision,0.6323529411764706,0.5,0.5983606557377049,0.5661764705882353,0.5791947926711668
recall,0.7853881278538812,0.3197278911564626,0.5983606557377049,0.5525580095051719,0.5983606557377049
f1-score,0.70061099796334,0.3900414937759336,0.5983606557377049,0.5453262458696368,0.575874065953644
support,219.0,147.0,0.5983606557377049,366.0,366.0
