metric,0,1,accuracy,macro avg,weighted avg
precision,0.6532846715328468,0.5652173913043478,0.6311475409836066,0.6092510314185973,0.6179133868509086
recall,0.817351598173516,0.35374149659863946,0.6311475409836066,0.5855465473860777,0.6311475409836066
f1-score,0.7261663286004056,0.4351464435146443,0.6311475409836066,0.580656386057525,0.6092812927872719
support,219.0,147.0,0.6311475409836066,366.0,366.0
