metric,0,1,accuracy,macro avg,weighted avg
precision,0.6355140186915887,0.6666666666666666,0.639344262295082,0.6510903426791277,0.6480261477963332
recall,0.9315068493150684,0.20408163265306123,0.639344262295082,0.5677942409840648,0.639344262295082
f1-score,0.7555555555555556,0.3125,0.639344262295082,0.5340277777777778,0.5776070127504555
support,219.0,147.0,0.639344262295082,366.0,366.0
