metric,0,1,accuracy,macro avg,weighted avg
precision,0.6017699115044248,0.4444444444444444,0.5901639344262295,0.5231071779744346,0.538581814078695
recall,0.9315068493150684,0.08163265306122448,0.5901639344262295,0.5065697511881465,0.5901639344262295
f1-score,0.7311827956989247,0.13793103448275862,0.5901639344262295,0.4345569150908417,0.49290954734161213
support,219.0,147.0,0.5901639344262295,366.0,366.0
