metric,0,1,accuracy,macro avg,weighted avg
precision,0.5855513307984791,0.36893203883495146,0.5245901639344263,0.47724168481671525,0.4985485004196852
recall,0.7031963470319634,0.2585034013605442,0.5245901639344263,0.4808498741962538,0.5245901639344263
f1-score,0.6390041493775934,0.304,0.5245901639344263,0.4715020746887967,0.5044533024964288
support,219.0,147.0,0.5245901639344263,366.0,366.0
