metric,0,1,accuracy,macro avg,weighted avg
precision,0.624031007751938,0.46296296296296297,0.5765027322404371,0.5434969853574505,0.5593397438612842
recall,0.7351598173515982,0.3401360544217687,0.5765027322404371,0.5376479358866835,0.5765027322404371
f1-score,0.6750524109014675,0.39215686274509803,0.5765027322404371,0.5336046368232827,0.5614304284452207
support,219.0,147.0,0.5765027322404371,366.0,366.0
