metric,-1,0,1,accuracy,macro avg,weighted avg
precision,0.28846153846153844,0.6287878787878788,0.22,0.5245901639344263,0.37908313908313906,0.47657399977072107
recall,0.234375,0.7579908675799086,0.13253012048192772,0.5245901639344263,0.37496532935394544,0.5245901639344263
f1-score,0.25862068965517243,0.6873706004140786,0.16541353383458648,0.5245901639344263,0.37046827463461257,0.4940306255106145
support,64.0,219.0,83.0,0.5245901639344263,366.0,366.0
