metric,-1,0,1,accuracy,macro avg,weighted avg
precision,0.3235294117647059,0.632398753894081,0.36363636363636365,0.5956284153005464,0.4398548430983835,0.51743996622285
recall,0.171875,0.9269406392694064,0.04819277108433735,0.5956284153005464,0.3823361367845812,0.5956284153005464
f1-score,0.22448979591836735,0.7518518518518519,0.08510638297872342,0.5956284153005464,0.35381601024964754,0.5084336947583746
support,64.0,219.0,83.0,0.5956284153005464,366.0,366.0
