metric,0,1,accuracy,macro avg,weighted avg
precision,0.6351351351351351,0.5142857142857142,0.6120218579234973,0.5747104247104247,0.5875878220140515
recall,0.8468468468468469,0.25,0.6120218579234973,0.5484234234234234,0.6120218579234973
f1-score,0.7258687258687259,0.3364485981308411,0.6120218579234973,0.5311586619997835,0.5726542493816893
support,222.0,144.0,0.6120218579234973,366.0,366.0
