metric,0,1,accuracy,macro avg,weighted avg
precision,0.622356495468278,0.5428571428571428,0.6147540983606558,0.5826068191627104,0.5910780616540608
recall,0.9279279279279279,0.13194444444444445,0.6147540983606558,0.5299361861861862,0.6147540983606558
f1-score,0.7450271247739603,0.2122905027932961,0.6147540983606558,0.4786588137836282,0.5354258308799285
support,222.0,144.0,0.6147540983606558,366.0,366.0
