metric,-1,0,1,accuracy,macro avg,weighted avg
precision,0.25,0.6529680365296804,0.15873015873015872,0.47540983606557374,0.3538993984199464,0.47572039894631407
recall,0.30434782608695654,0.6441441441441441,0.13333333333333333,0.47540983606557374,0.360608434521478,0.47540983606557374
f1-score,0.27450980392156865,0.6485260770975056,0.14492753623188406,0.47540983606557374,0.35598780575031946,0.47481839017384103
support,69.0,222.0,75.0,0.47540983606557374,366.0,366.0
