metric,0,1,accuracy,macro avg,weighted avg
precision,0.6356589147286822,0.46296296296296297,0.5846994535519126,0.5493109388458226,0.5677129664929893
recall,0.7387387387387387,0.3472222222222222,0.5846994535519126,0.5429804804804805,0.5846994535519126
f1-score,0.6833333333333333,0.3968253968253968,0.5846994535519126,0.540079365079365,0.570608899297424
support,222.0,144.0,0.5846994535519126,366.0,366.0
