metric,-1,0,1,accuracy,macro avg,weighted avg
precision,0.2830188679245283,0.6292517006802721,0.2631578947368421,0.5601092896174863,0.3918094877805475,0.4889590752543061
recall,0.21739130434782608,0.8333333333333334,0.06666666666666667,0.5601092896174863,0.372463768115942,0.5601092896174863
f1-score,0.24590163934426226,0.7170542635658914,0.10638297872340426,0.5601092896174863,0.3564462938778526,0.5030928498104844
support,69.0,222.0,75.0,0.5601092896174863,366.0,366.0
