metric,0,1,accuracy,macro avg,weighted avg
precision,0.673469387755102,0.5289256198347108,0.6256830601092896,0.6011975037949064,0.6165997085733087
recall,0.7432432432432432,0.4444444444444444,0.6256830601092896,0.5938438438438438,0.6256830601092896
f1-score,0.7066381156316917,0.4830188679245283,0.6256830601092896,0.5948284917781099,0.6186567722714962
support,222.0,144.0,0.6256830601092896,366.0,366.0
