metric,0,1,accuracy,macro avg,weighted avg
precision,0.6885245901639344,0.5573770491803278,0.644808743169399,0.6229508196721312,0.6369255576457942
recall,0.7567567567567568,0.4722222222222222,0.644808743169399,0.6144894894894894,0.644808743169399
f1-score,0.7210300429184548,0.5112781954887219,0.644808743169399,0.6161541192035884,0.6385047258969206
support,222.0,144.0,0.644808743169399,366.0,366.0
