metric,-1,0,1,accuracy,macro avg,weighted avg
precision,0.32926829268292684,0.6621621621621622,0.27419354838709675,0.5218579234972678,0.4218746677440619,0.5199017167326617
recall,0.391304347826087,0.6621621621621622,0.22666666666666666,0.5218579234972678,0.4267110588849719,0.5218579234972678
f1-score,0.35761589403973515,0.6621621621621622,0.2481751824817518,0.5218579234972678,0.4226510795612164,0.519914304302932
support,69.0,222.0,75.0,0.5218579234972678,366.0,366.0
