metric,-1,0,1,accuracy,macro avg,weighted avg
precision,0.23170731707317074,0.6356589147286822,0.2692307692307692,0.5191256830601093,0.37886566701087404,0.48441637060143145
recall,0.2753623188405797,0.7387387387387387,0.09333333333333334,0.5191256830601093,0.36914479697088387,0.5191256830601093
f1-score,0.25165562913907286,0.6833333333333333,0.13861386138613863,0.5191256830601093,0.3578676079528482,0.4903286284550722
support,69.0,222.0,75.0,0.5191256830601093,366.0,366.0
