metric,0,1,accuracy,macro avg,weighted avg
precision,0.6666666666666666,0.4861111111111111,0.5956284153005464,0.5763888888888888,0.5956284153005464
recall,0.6666666666666666,0.4861111111111111,0.5956284153005464,0.5763888888888888,0.5956284153005464
f1-score,0.6666666666666666,0.4861111111111111,0.5956284153005464,0.5763888888888888,0.5956284153005464
support,222.0,144.0,0.5956284153005464,366.0,366.0
